id,skill
91972625,Linux
91972625,Python
91972625,PostgreSQL
104638836,Python
104638836,Django
104638836,HTML
104638836,CSS
104638836,Bootstrap
104638836,REST API
104638836,SOLID
104638836,Celery
104638836,Redis
104754927,Python
104754927,HTML
104754927,SQL
104754927,PostgreSQL
104754927,React
104754927,REST API
104754927,Django Framework
103641114,Работа с большим объемом информации
103641114,API
103641114,Python
103641114,Requests
103641114,Git
103641114,ETL
103641114,Торговая площадка
103641114,Маркетплейсы
103641114,Ozon
103641114,Wildberries
103641114,Яндекс.Маркет
103641114,E-Commerce
104152079,FastAPI
104152079,Django Framework
104152079,Python
104152079,PostgreSQL
104152079,Docker
104208221,AngularJS
104208221,JavaScript
104208221,Git
104208221,SVN
104208221,HTML
104208221,MySQL
104377563,Работа с большим объемом информации
104377563,1С: Предприятие 8
104377563,Базы данных
104377563,SQL
104377563,Математическое программирование
104377563,Поиск информации в интернет
104377563,Аналитическое мышление
104377563,Оперативный поиск информации в сети Интернет
104377563,1С: Бухгалтерия
104377563,Java
104377563,Python
104423521,Git
104423521,PostgreSQL
104423521,Python
104423521,Django Framework
104423521,Redis
104423521,RabbitMQ
103908455,Google Analytics
103908455,Google Tag Manager
103908455,SQL
103908455,Продуктовые метрики
103908455,Tableau
104138531,Python
104138531,Pytest
104138531,Тестирование
104793223,Python
104793223,PostgreSQL
104793223,FastAPI
101086682,Тестирование
101086682,QA
101086682,Python
101086682,Git
104209024,Python
104209024,SQL
104209024,Английский язык
104209024,C/C++
104209024,Управление временем
104209024,Linux
104209024,CSS
104209024,HTML
104431023,SQL
104431023,Python
104431023,Анализ данных
104693339,Python
104693339,SQL
104693339,QA
104693339,Тестирование
104693339,API
103490361,ML
103490361,data science
103490361,Python
103490361,Numpy
103490361,Анализ данных
103490361,Machine Learning
103490361,pandas
103490361,Математическая статистика
104017047,Удаленная работа
104017047,Желание работать и развиваться
104017047,AI (ИИ)
98296860,Linux
104164514,"Oracle, MySQL, PostgreSQL"
104164514,API
104164514,Git
104164514,Linux
104164514,Docker
104164514,Python
104164514,Perl
102188745,Linux
102188745,Docker
102188745,Atlassian Confluence
102188745,Atlassian Jira
102188745,Python
102188745,PostgreSQL
102188745,Общение с клиентами
102188745,Bash
102188745,Администрирование серверов Linux
102188745,ServiceDesk
102188745,OpenShift
104444673,Информационные технологии
104444673,Обучение и развитие
104444673,Проектирование
104444673,Разработка проектной документации
104444673,ГОСТ
104444673,Техническая документация
104444673,Test case
104444673,QA
104444673,Тестирование
104444673,Python
104444673,Pytest
104444673,selenium webdriver
104444673,Git
104444673,Проведение тестирований
98004649,SQL
98004649,Работа с базами данных
98004649,Анализ данных
98004649,MS Excel
102592341,SQL
102592341,Python
102592341,Numpy
102592341,pandas
102592341,А/В-тестирование
100727480,Git
100727480,C/C++
100727480,Python
100727480,Computer Vision
100727480,Deep Learning
100727480,OpenCV
103226497,Python
103226497,Git
103226497,PostgreSQL
103226497,ООП
103226497,Django Framework
104355541,Работа с большим объемом информации
104355541,Точность и внимательность к деталям
104355541,Аналитическое мышление
103619019,Графический дизайн
103619019,Figma
103619019,Adobe Photoshop
103619019,Adobe Illustrator
104532352,Linux
104532352,Администрирование сетевого оборудования
104532352,Настройка сетевых подключений
104532352,Администрирование серверов Windows
104532352,Техническое обслуживание
103652576,Linux
103652576,Python
103652576,Zabbix
103652576,СУБД
104212416,Linux
104212416,Grafana
104212416,Atlassian Jira
104212416,Bash
104212416,Ansible
104125110,Python
104125110,Ruby
104125110,C#
104125110,REST API
104125110,SQL
104125110,Unit-тесты
104125110,Git
104125110,j
100843012,SQL
100843012,Python
100843012,Работа с базами данных
100843012,Сбор и анализ информации
100843012,FastAPI
100843012,NoSQL
100843012,MongoDB
100843012,Big Data
100843012,Elastic
100843012,Clickhouse
100843012,Информационная безопасность
100843012,Аналитические исследования
100843012,Аналитика
100843012,Анализ данных
100843012,Git
100843012,API
100843012,Redash
103533545,Python
103533545,REST
103533545,Django
103533545,Sanic
103533545,Tornado
103533545,FastAPI
103533545,PostgreSQL
103533545,MySQL
103533545,Docker
103533545,Redis
104027942,Сетевые протоколы
104027942,OSI
104027942,TCP/IP
104027942,VPN
104027942,Wifi networks
104027942,Zabbix
104027942,Grafana
104027942,Prometheus
104027942,Администрирование серверов Linux
103885537,SQL
103885537,NoSQL
103885537,Python
103885537,Базы данных
103885537,Big Data
103885537,Data Analysis
103885537,Математический анализ
103885537,Математическая статистика
103885537,Визуализация
104775834,SQL
104775834,Python
104775834,Tableau
104775834,Аналитика
104775834,MS SQL
104775834,Power BI
104775834,Анализ данных
104775834,Математический анализ
104775834,Статистический анализ
104775834,Работа с базами данных
104775834,MS Power BI
104775834,Clickhouse
104775834,pandas
104775834,Numpy
104775834,A/B тесты
104775834,Базы данных
104775834,BigQuery
92327170,Linux
92327170,OpenStack
92327170,KVM
92327170,VMware
102648667,ETL
102648667,SQL
102648667,Python
99043390,Проектно-конструкторская деятельность
99043390,SolidWorks
99043390,3D Моделирование
99043390,Проектирование
99043390,Разработка нового продукта
99043390,Инженерные системы
99043390,AutoCAD
99043390,Компас 3D
99043390,Схемотехника электронного оборудования
99043390,Разработка электросхем
99043390,Программирование
99043390,Программирование Python
99043390,Лазерная техника
99043390,Лазерный гравер
99043390,АСУ ТП
104715635,Linux
104715635,Terraform
104715635,Ansible
104715635,DNS
104715635,DHCP
104715635,SSL/TLS
104715635,PKI
104715635,OSI
104715635,DevOps
104715635,Сетевые технологии
104715635,Управленческие навыки
104715635,Python
104715635,Kubernetes
104715635,Docker
104715635,Умение принимать решения
104715635,CI/CD
104715635,GitLab CI
104715635,Стратегия инфраструктуры
104715635,Наставничество
104715635,Управление процессами
104715635,Администрирование серверов
104715635,Автоматизация процессов
104715635,Мотивация персонала
104715635,Микросервисная архитектура
102429847,Удаленная работа
102429847,Веб-программирование
102429847,Python
102429847,Git
102429847,Docker
102429847,SQL
102429847,PostgreSQL
102429847,SQLAlchemy
102429847,Решение проблем
102429847,СУБД
102429847,Flask
102429847,BlackSheep
102429847,API
104531019,Бизнес-планирование
104531019,Бюджетирование
104531019,S&OP процесс
104531019,План-факт анализ
104163984,SQL
104163984,MS SQL
104163984,Python
104163984,Power BI
104163984,Qlik Sense
104163984,JavaScript
104163984,Visiology
104163984,Hadoop
101825516,VoIP
102986562,MySQL
102986562,SQL
102986562,Java
102986562,Работа с базами данных
102986562,Разработка инструкций
102986562,Разработка ПО
103463309,Удаленная работа
103463309,Python
103463309,Желание работать и развиваться
103493603,SQL
103493603,MS SQL
103493603,Тестирование
103493603,Теория тестирования
103493603,Python
103493603,Pytest
103493603,Тестирование backend
103493603,Интеграционное тестирование
104157556,Аналитическое мышление
104157556,Аналитика
104157556,Python
104157556,Power BI
104157556,A/B тесты
104157556,Коммуникативные навыки
104636614,Python
104636614,Torch
104636614,YOLO5
104636614,YOLO8
104636614,OpenCV
104636614,Git
104636614,Docker
104636614,Linux
104636614,Английский язык
100488477,MES
100488477,BPM
100488477,SQL
100488477,Анализ бизнес-процессов
103152086,SQL
103152086,Python
103152086,Работа с базами данных
103152086,Анализ данных
103152086,Аналитика
103152086,Аналитические исследования
103152086,Базы данных
103152086,Data Analysis
103792992,SQL
103792992,Power BI
103792992,Анализ бизнес показателей
103792992,Аналитическое мышление
103792992,Английский язык
103792992,Python
103792992,Анализ рынка
103792992,Clickhouse
103792992,PostgreSQL
103792992,Работа с базами данных
103792992,Qlik Sense
103792992,PowerBI
104150666,Базы данных
104150666,MS SQL
104150666,SSRS
104150666,SSIS
104150666,SSAS
104150666,Работа с базами данных
104150666,Git
102858079,Oracle Pl/SQL
102858079,DWH
102858079,Business Intelligence Systems
102858079,OLAP
102858079,SQL
102858079,ETL
102074813,MS SQL
102074813,BI-инструменты
102074813,MS Excel
102074813,Маркетинговый анализ
103001211,Вовлеченность
103001211,Умение работать в условиях многозадачности
103001211,"Способность анализировать проблемы, эффективно искать пути их решения"
103001211,Linux
103001211,Zabbix
103001211,Kubernetes
103001211,Ansible
103001211,Prometheus
104169744,SQL
104169744,ORACLE
104169744,СУБД
104169744,Delphi
101829033,Python
101829033,Docker
101829033,Git
101829033,Redis
101829033,Django Framework
101829033,Flask
104793245,Go
104793245,Python
104793245,Java
104793245,ORACLE
104793245,PostgreSQL
104793245,CI/CD
104793245,Системная интеграция
104793245,Apache Camel
102433289,Python
102433289,SQL
102433289,Flask
102433289,PostgreSQL
102433289,Redis
104366427,Power BI
104366427,SQL
104366427,MS SQL
104366427,MS Visio
104366427,MS Power BI
104366427,Визуализация данных
104366427,Аналитическое мышление
104366427,Анализ данных
104366427,Работа с большим объемом информации
104792978,Организаторские навыки
104792978,Обучение детей
104792978,Грамотная речь
104792978,Преподаватель
104792978,Работа в команде
104792978,Математика
104792978,Репетитор
104792978,Junior - разработчик
104792978,Unity
104147200,Анализ данных
104147200,MS Excel
104147200,Аналитическое мышление
104147200,Работа в команде
104147200,Мониторинг цен
104147200,Мониторинг рынка
104147200,Алгоритмы
104147200,Управление проектами
104147200,Аналитические исследования
104147200,Сбор и анализ информации
104147200,Аналитика
93600254,ETL
93600254,Аналитическое мышление
93600254,Анализ данных
103468206,Бизнес-анализ
103468206,Анализ данных
103468206,Аналитика
103468206,Аналитические исследования
103468206,Power BI
99215083,Тестирование
101159533,Портфельный анализ
101159533,"математические модели (PD, LGD)"
101159533,Python
101159533,SQL
93170607,Обучение и развитие
93170607,Моделирование процессов
93170607,Aspen Hysys
93170607,R&D
93170607,ANSYS CFX
93170607,Английский — B1 — Средний
102868689,Python
102868689,Linux
102868689,Работа в команде
104519714,SQL
104519714,Python
104519714,Power BI
103597905,PostgreSQL
103597905,Redis
103597905,Docker
103597905,Руководство коллективом
103597905,Управление командой
103597905,Python
103597905,Git
103597905,Linux
103960526,Git
103960526,Python
103960526,Linux
103960526,Docker
103960526,Pytest
103960526,Selenoid
103960526,Page Object
103960526,Allure
103960526,Terraform
103960526,Selenium
101278788,Linux
101278788,Python
101278788,Zabbix
101278788,СУБД
101905161,KVM
101905161,OpenStack
101905161,Ansible
104321570,Администрирование серверов Linux
104321570,VMware
104321570,KVM
104321570,Zabbix
104321570,PostgreSQL
104321570,Автоматизация процессов
104321570,Техническая документация
104321570,Cистемы управления базами данных
104433157,SQL
104433157,Python
104433157,Firebase
104433157,A/B тесты
103506109,SQL
103506109,Python
104531578,MS SQL
104531578,Управление командой
104531578,Аналитическое мышление
104531578,Стратегическое мышление
104016486,Работа в команде
104016486,SQL
104016486,OLAP
104016486,Python
104016486,Power BI
103513023,Базы данных
103513023,MS SQL
103513023,SSRS
103513023,SSIS
103513023,SSAS
103513023,Работа с базами данных
103513023,Git
103669011,SQL
103669011,Python
103669011,A/B тесты
103669011,Проведение экспериментов
103669011,Анализ данных
103669011,pandas
103669011,Clickhouse
103669011,Прогнозирование
92684864,"ГИС Zulu, Termis"
92684864,BI и ГИС-системы
67546181,SQL
67546181,Atlassian Jira
67546181,Atlassian Confluence
67546181,Python
67546181,Java
100637767,Python
100637767,JavaScript
100637767,Debian
100637767,Ubuntu Server
100637767,PostgreSQL
100637767,MongoDB
103201315,MySQL
103201315,SQL
103201315,Java
103201315,Работа с базами данных
103201315,Разработка инструкций
103201315,Разработка ПО
104078152,SQL
104078152,Python
104078152,Tableau
104078152,Power BI
97626674,PowerBI
97626674,Отчетность
97626674,Python
97626674,SQL
97626674,Работа с большим объемом информации
97626674,Аналитика
104227033,Python
104227033,C++
104227033,PyTorch
104227033,OpenCV
104227033,Linux
104227033,Protobuf
104227033,RabbitMQ
104227033,Redis
104227033,PostgreSQL
103737287,Маркетинговые исследования
103737287,Маркетинговые коммуникации
103737287,Маркетинговое планирование
103737287,Маркетинговый анализ
103737287,Прогнозирование
103737287,Работа с базами данных
103737287,Статистика
103737287,Аналитические исследования
103737287,Анализ рынка
103737287,Аналитическое мышление
103796313,Python
103796313,PostgreSQL
103796313,Docker
103796313,Управление командой
103796313,FastAPI
85216340,Tableau
85216340,SQL
85216340,Python
85216340,SAP Business Objects
85216340,Аналитическое мышление
85216340,Сбор и анализ информации
85216340,BI
103129620,C++
103129620,Linux
103129620,QNX
90981252,Autodesk Revit
90981252,Autodesk Navisworks
90981252,Autodesk BIM 360
90981252,Проектирование зданий и сооружений
90981252,Dynamo
90981252,BIM
101871526,SQL
101871526,Python
101871526,Математическая статистика
101871526,Проверка статистических гипотез
99575301,PHP
99575301,Yii
99575301,Laravel
99575301,Docker
99575301,MySQL
99575301,RabbitMQ
99575301,MongoDB
99575301,Go
99575301,Elasticsearch
99575301,Python
99575301,TypeScript
100511839,Базы данных
100511839,HTML/CSS
100511839,Python
100511839,SQL
100511839,PostgreSQL
100511839,ООП
100511839,C++
99009576,Cisco
99009576,Linux
99009576,Администрирование серверов Linux
99009576,Администрирование серверов Windows
99009576,TCP/IP
99009576,Администрирование сетевого оборудования
99009576,Антивирусная защита сети
103762221,Тестирование
103762221,AQA
103762221,Python
103762221,Pytest
103762221,Git
103762221,Nexus
94058653,Teamleading
94058653,Разработка
98905448,Ansible
98905448,Python
98905448,Git
98905448,Elasticsearch
98905448,Filebeat
98905448,Diamond
98905448,Telegraf
98905448,Linux
98905448,TeamCity
98905448,Bash
98905448,Graphite
98905448,Grafana
98905448,Sentry
98905448,GitLab CI
98905448,ELK
103464907,Linux
98627472,Аналитическое мышление
98627472,Разработка технических заданий
98627472,Системный анализ
98627472,REST API
98627472,BPMN
98627472,UML
98627472,SQL
96536277,Linux
96536277,Python
96536277,Bash
96536277,TCP/IP
96536277,модель OSI
104013024,Аналитика
104013024,Сбор и анализ информации
104013024,Аналитическое мышление
104013024,SQL
104013024,Работа с большим объемом информации
104013024,Анализ рынка
104013024,ABC-анализ
104013024,Маркетплейсы
104013024,Аналитические исследования
104013024,Python
103230211,Тестирование
103230211,Test case
97227292,SQL
97227292,DevTools
97227292,Postman
104614516,Исследовательский анализ данных
104614516,Проверка статистических гипотез
104614516,MS SQL
104614516,CTE
104614516,Python
85719247,MS SQL
85719247,Transact-SQL
85719247,C#
85719247,OLAP
85719247,ETL
85719247,SQL
85719247,JSON
85719247,SSIS
85719247,SSAS
85719247,SSRS
85719247,DAX
103924208,PySpark
103924208,SQL
103924208,Hadoop
103924208,Python
102256987,Linux
102256987,Zabbix
90895726,SQL
90895726,UML
90895726,Atlassian Jira
90895726,BPMN
90895726,Python
90895726,Java
90895726,Системный анализ
90895726,ORACLE
90895726,Аналитические навыки
90895726,Организаторские навыки
90895726,Разработка технических заданий
90895726,Написание технических заданий
90895726,Описание бизнес-процессов
90895726,Jira
90895726,Навыки работы с большим объемом информации
93815129,Golang
93815129,HighLoad
94369340,PostgreSQL
94369340,Linux
94369340,Информационная безопасность
94369340,Jatoba
94369340,СУБД
94369340,Docker
94369340,Bash
94369340,Автоматизация процессов
94369340,Zabbix
94369340,Security Awareness
94369340,PowerShell
94369340,Windows
103559790,Python
103559790,JavaScript
103559790,Архитектура
103559790,SQL
103559790,Базы данных
103559790,PostgreSQL
103559790,Постановка задач разработчикам
103559790,Управление командой
101158455,Python
101158455,SQL
101158455,Статистический анализ
101158455,Работа с базами данных
101158455,Анализ данных
101158455,Подготовка презентаций
101158455,Аналитическое мышление
104579103,BI
104579103,Big Data
104579103,SQL
104579103,DWH
95608955,MS SQL
95608955,Разработка ПО
95608955,C#
104062746,Python
104062746,MS SQL
104062746,Linux
104062746,Java
104062746,СУБД
104062746,Bash
104062746,PowerShell
104062746,Проведение тестирований
104062746,Информационная безопасность
104062746,Пентестер
104062746,Pentest
104062746,Киберучения
104584972,Windows
104584972,Linux
104584972,C++
104584972,Python
104584972,QML
104584972,CI/CD
104584972,REST API
103693903,Python
103693903,Redis
103693903,ООП
103693903,PostgreSQL
103693903,Unit Testing
103693903,SQL
103693903,Git
103693903,C++
103693903,STL
104426356,Техническая поддержка
104426356,Администрирование серверов Linux
104426356,Администрирование серверов Windows
104426356,ESXi
104426356,Hyper-V
104426356,KVM
104426356,Python
104426356,Bash
104426356,PowerShell
104426356,OpenStack
99279198,PHP
99279198,Yii
99279198,Laravel
99279198,Docker
99279198,MySQL
99279198,RabbitMQ
99279198,MongoDB
99279198,Go
99279198,Elasticsearch
99279198,Python
99279198,TypeScript
98534800,Linux
98534800,Git
98534800,SVN
98534800,Bash
102843166,TeamCity
102843166,Gitlab
102843166,Postgres
102843166,Grafana
102843166,Python
102843166,PowerShell
102843166,Bash
102843166,Go
102843166,C#
102843166,CI/CD
102843166,Windows
102843166,Linux
103891804,Бизнес-анализ
103891804,Анализ данных
103891804,Power BI
103891804,Сбор данных
103891804,Оптимизация бизнес-процессов
103891804,Добросовестность
103891804,Умение работать в команде
103891804,Ориентированность на результат
103891804,Бизнес-процессы
98237258,Qt
98237258,GUI
98237258,C/C++
98237258,архитектура ПО
98237258,UML
98237258,SDL
98237258,Git
98237258,Linux
98237258,docker
98237258,unit-test
98237258,QML
98237258,CI/CD
103778179,программирование
103778179,работа с детьми
103778179,роботоехника
103778179,проведение занятий для детей
103778179,3D Моделирование
103778179,Схемотехника электронного оборудования
103778179,Arduino
103778179,Подготовка методических материалов
103778179,Преподаватель
103778179,Прораммист
103778179,Инженер
103778179,работа на Linux
90234671,SQL
90234671,ETL
90234671,DWH
103344410,Python
103344410,Django Framework
103344410,PostgreSQL
92202389,Linux
92202389,Nginx
92202389,Docker
92202389,Asyncio
92202389,aiohttp
92202389,Squid
92202389,Сетевые технологии
92202389,Информационная безопасность
92202389,Python
92202389,Асинхронное программирование
92202389,Clickhouse
92202389,ETCD
100355929,Python
100355929,системная аналитика
100355929,Знание БД
100355929,написание технических заданий
100355929,Doker
100355929,JSON
100355929,SOAP
100355929,REST
100355929,PostgreSQ
103460217,Python
103460217,Linux
103460217,Сетевые протоколы
103460217,Микросервисы
103460217,Базы данных
103460217,SQLAlchemy
103460217,Docker
103478808,Git
103478808,JavaScript
103478808,Postman
103478808,Linux
103478808,iOS
103478808,Тестирование
103478808,Английский язык
103478808,Python
103478808,Android
100497216,MES
100497216,BPM
100497216,SQL
100497216,OPC
97866651,Ручной монтаж SMD компонентов
97866651,Измерительные приборы
97866651,Чтение электросхем
97866651,Чтение конструкторской документации
97866651,Техническая документация
97866651,LoraWan
97866651,SMD
97866651,Delphi
97866651,Python
97866651,Функциональное тестирование
103722592,Функциональное тестирование
103722592,SQL
103722592,Atlassian Confluence
103722592,Тестирование API
103722592,Python
103722592,Java
103722592,Atlassian Jira
103722592,Автоматизированное тестирование
94555488,Linux
94555488,Python
94555488,Docker
94555488,Kubernetes
94555488,Ansible
94555488,DevOps
100414838,Golang
100414838,Linux
100414838,RabbitMQ
100414838,Redis
100414838,MySQL;
100414838,PostgreSQL
100414838,Git
100414838,Docker;
100414838,DevOps
100414838,Python
100414838,C++
104736825,Linux
104736825,Docker
104736825,Kubernetes
104736825,Nomad
104736825,Gitlab
104736825,Python
104736825,Bash
104736825,PostgreSQL
104736825,Terraform
104736825,Ansible
104736825,TCP/IP
104323567,CMake
104323567,C++
104323567,Python
104323567,Bash
93100301,Python
93100301,Тестирование
93100301,QA
93100301,SQL
93100301,Linux
104227770,Linux
104227770,Ansible
104227770,Python
104227770,OpenStack
104227770,Настройка DNS
104227770,CI/CD
92475709,Python
92475709,Golang
92475709,Go
103072627,Финансовый анализ
103072627,Экономический анализ
103072627,Аналитическое мышление
103072627,Финансовое моделирование
103072627,Экономическое моделирование
98548623,"DLP (Devicelock, Search Inform, Spector360)"
98548623,SIEM
98548623,WAF
98548623,MaxPatrol
98548623,Проектная документация
98548623,Linux
98548623,Информационная безопасность
98548623,Infowatch
98548623,SolarDozor
98548623,Positive Technologies
98548623,KUMA
98548623,SOAR
101475395,Исследовательский анализ данных
101475395,Проверка статистических гипотез
101475395,MS SQL
101475395,CTE
101475395,Python
104094874,CI\CD
104094874,Docker
104094874,Kubernetes
104094874,OpenShift
104094874,OKD
104094874,PostgreSQL
104094874,MongoDB
104094874,ORACLE
104094874,MS SQL
104094874,Git
104094874,Python
104094874,Ansible
104094874,Jenkins
104094874,Azure DevOps
104094874,EFK\ELK
104094874,Grafana
104094874,Prometheus
104094874,Zabbix
99114317,SQL
99114317,MS SQL
99114317,API
99114317,Тестирование мобильных приложений
99114317,Swift
99114317,Kotlin
99114317,Xcode
99114317,Android Studio
99114317,Android
99114317,iOS
103012774,Google Analytics
103012774,Маркетинговый анализ
103012774,Internet Marketing
103012774,Контекстная реклама
103012774,Аналитические исследования
103012774,Поисковая оптимизация сайтов
103012774,Битрикс24
103012774,API
103012774,Python
102550123,Linux
102550123,Python
102550123,Bash
102550123,Docker
102550123,DevOps
102550123,Terraform
102550123,Умение принимать решения
102550123,Nginx
102550123,Kubernetes
102550123,Prometheus
102550123,Yandex Cloud
103595911,IP-телефония
103595911,Java
103595911,Python
103595911,Avaya
103651417,JavaScript
103651417,React
103651417,Angular
103651417,Vue.js
103651417,Python
103651417,NoSQL
103651417,PostgreSQL
103651417,MongoDB
103651417,Cassandra
103651417,Cloud platforms
103651417,Docker
103651417,Kubernetes
103651417,AI/ML
103651417,ETL
103651417,Spark
103651417,Kafka
103651417,Tableau
103651417,Power BI
103651417,D3.js
103761994,Управление продуктом
103761994,Управление проектами
103761994,Capacity Planning
104528462,Работа с возражениями
104528462,Телефонные переговоры
104528462,Навыки продаж
104528462,Деловая коммуникация
101189684,Linux
101189684,Ansible
101189684,RabbitMQ
101189684,Python
101189684,Bash
101189684,PowerShell
101189684,Git
101189684,Kubernetes
101189684,Nginx
102592269,SQL
102592269,Python
102592269,Machine Learning
102592269,Аналитическое мышление
102592269,Математическое моделирование
103282101,Python
103282101,Pytest
103282101,Linux
102841995,Администрирование серверов Linux
102841995,Linux
102841995,Информационная безопасность
102841995,Обучение и развитие
102841995,Ubuntu Server
102841995,Коммуникабельность
102841995,Ответственность
102841995,Аналитический склад ума
102712834,преподавание
102712834,Автоматизация
102712834,электроэнергетика
102712834,Обучение
104200259,Python
104200259,SQL
104200259,MS Access
104200259,Работа с базами данных
104200259,Математическое моделирование
104200259,MS PowerPoint
104200259,Английский язык
104200259,Сбор и анализ информации
104200259,Прогнозирование
104200259,Статистика
104200259,Power Query
104200259,Математический анализ
104200259,Аналитические исследования
104200259,Анализ данных
104200259,Работа с большим объемом информации
104200259,Atlassian Jira
104200259,VBA
104200259,Разработка технических заданий
104200259,XML
104200259,Бизнес-анализ
103580271,Linux
103580271,Nginx
103580271,Системный подход
103580271,SRE
83029892,FIrewall
83029892,NGFW
83029892,IDS
83029892,спедства обнаружения вторжений
83029892,NTA
103344959,Python
103344959,Golang
102122184,SQL
102122184,Python
102122184,Математический анализ
102122184,Data Analysis
102122184,Аналитические исследования
102122184,Проверка статистических гипотез
103885264,Python
103885264,PostgreSQL
103885264,CI/CD
103199344,Kubernetes
103199344,Docker
103199344,Docker-compose
103199344,Prometheus
103199344,CI/CD
103199344,DevOps
103199344,ИТ-инфраструктура
103691070,OWASP Top 10
103691070,DevSecOps
103691070,SSDLC
103691070,Kubernetes
103691070,CI/CD
103691070,Информационная безопасность
97961036,C/C++
97961036,Bash
97961036,SVN
97961036,ARM
97961036,Python
97961036,Git
104207545,SQL
104207545,Retail
104207545,System Analysis
104207545,Базы данных
104207545,Системный анализ
104207545,Аналитическое мышление
104207545,Бизнес-анализ
104207545,UML
104207545,REST
104207545,Scrum
104207545,Техническая документация
104207545,Business Analysis
104207545,Agile
104207545,JSON API
104207545,Анализ бизнес показателей
104207545,Анализ данных
104207545,data base
104207545,жизненный цикл ПО
104207545,Waterfall
104207545,Анализ требований
104207545,HTTP
104207545,Работа с базами данных
104207545,Python
104207545,BPMN
104207545,Use Case Analysis
104207545,Веб-программирование
104207545,Оптимизация бизнес-процессов
104207545,Разработка ПО
104207545,Аналитический склад ума
103059202,Linux
103059202,Proxmox
103059202,Docker
103059202,CI/CD
103059202,ELK
103059202,Zabbix
103059202,Grafana
103059202,Kubernetes
103059202,DevOps
103059202,Ansible
103059202,Gitlab
102064181,Linux
102064181,Нагрузочное тестирование
102064181,Apache JMeter
104473597,SQL
104473597,Linux
104473597,автоматизация тестирования
104473597,Python
103654946,Linux
103654946,SQL
103654946,Kubernetes
103654946,Docker
103654946,Git
103654946,OpenShift
103654946,Bash
103654946,Виртуализация
103654946,Helm
103654946,Jenkins
103654946,Prometheus
103654946,Grafana
104651143,Linux
104651143,Git
104651143,Python
104651143,Helm Chart
104651143,Prometheus
104651143,Zabbix
104651143,Grafana
104651143,ELK
104651143,Kubernetes
104651143,Docker
103026583,Python
103026583,Apache Kafka
103026583,Нагрузочное тестирование
103026583,Kubernetes
103026583,Linux
91139724,Linux
91139724,Информационная безопасность
91139724,WAF
91139724,Web
103869858,Autodesk Revit
103869858,Navisworks
103869858,Dynamo
103869858,Python
103869858,С#
103869858,Проектирование
99292816,Язык Си
99292816,C++
99292816,FreeRTOS
99292816,RTOS
99292816,Embedded
99292816,CMake
99292816,LoRA
99292816,STM32
91066539,Bash
91066539,Unix
91066539,DevOps
91066539,ORACLE
91066539,Docker
91066539,Kubernetes
104165571,Greenplum
104165571,C/C++
104165571,Golang
104165571,Python
104165571,Базы данных
104331868,CI\CD
104331868,Docker
104331868,Kubernetes
104331868,OpenShift
104331868,OKD
104331868,PostgreSQL
104331868,MongoDB
104331868,ORACLE
104331868,MS SQL
104331868,Git
104331868,Python
104331868,Ansible
104331868,Jenkins
104331868,Azure DevOps
104331868,EFK\ELK
104331868,Grafana
104331868,Prometheus
104331868,Zabbix
91947354,Linux
91947354,Сетевые технологии
91947354,Обработка трафика
91947354,DPDK
91947354,VPP
91947354,OpenDataPlane
91947354,Snabb
91947354,C
91947354,Си
91947354,Cи
103638138,работа с детьми
103638138,Python
103638138,HTML
103638138,Adobe Photoshop
103638138,Обучение и развитие
103638138,scratch
103638138,Преподавание
103638138,Самодисциплина
103638138,Ответственность
103638138,Вовлеченность
92963581,Linux
92963581,Администрирование серверов Linux
92963581,Bash
92963581,Python
92963581,Nginx
94369235,PostgreSQL
94369235,Linux
94369235,Информационная безопасность
94369235,Jatoba
94369235,СУБД
94369235,Docker
94369235,Bash
94369235,Автоматизация процессов
94369235,Zabbix
94369235,SOAR
94369235,SGRC
94369235,TI
94369235,Security Awareness
102592204,Python
102592204,SQL
102592204,Аналитическое мышление
102592204,Работа с базами данных
102592204,Machine Learning
90928745,Информационная безопасность
90928745,Разработка технических заданий
90928745,Bash
90928745,Python
90928745,Information Security
90928745,Проведение тестирований
104171736,СУБД
104171736,ORACLE
104171736,Работа с базами данных
104171736,Delphi
90501234,Spring Framework
90501234,REST
90501234,API
90501234,SOAP
90501234,JSON API
90501234,Xsd
90501234,.NET Framework
90501234,Python
90501234,Java
90501234,kafka
103256715,Преподаватель
103256715,Работа в команде
103256715,Обучение
103256715,работа с детьми
103256715,программирование
103256715,Разработка ПО
103256715,Java
103256715,C++
103256715,Python
103256715,C/C++
103256715,Обучение и развитие
103256715,Веб-программирование
103256715,Программирование 3D-графики
103256715,Линейное программирование
103256715,HTML
103256715,PHP
103256715,Репетитор
103256715,Грамотность
103256715,Грамотная речь
103256715,обучение детей
103256715,робототехника
103256715,Групповое обучение
103256715,Преподавание
103256715,Наставничество
103219697,Навыки презентации
103219697,проведение презентации
103219697,Работа в команде
103219697,Грамотная речь
103219697,Клиентоориентированность
103219697,работа с людьми
103219697,Разработка компьютерных Игр
103219697,3D Моделирование
103219697,Робототехника
103219697,Unity
103219697,GIMP
103219697,Веб-программирование
103219697,Веб-дизайн
103074524,1С программирование
103074524,ERP-системы на базе 1С
103972779,CI/CD
103972779,Linux
103972779,Kubernetes
103972779,DevOps
103972779,Nginx
103972779,Написание скриптов
91837088,C++
91837088,STL
91837088,Boost
91837088,CMake
103709428,Пользователь ПК
103709428,Грамотная речь
103709428,Репетиторство
103709428,Индивидуальное обучение
103709428,Репетитор
103709428,Pascal
103709428,Python
103709428,Информационные технологии
103709428,Дистанционное обучение
103709428,Удаленная работа
103709428,Преподавание
103709428,Информатика
103709428,Репетитор по информатике
103587384,Игровые продуктовые метрики
103587384,MS Excel
103587384,SQL
103587384,Python
103587384,Аналитика
103587384,Анализ данных
103587384,Математическая статистика
103587384,Аналитическое мышление
101589554,Linux
101589554,SQL
101589554,DevOps
101589554,СУБД
101589554,Unix
101589554,Docker
101589554,Английский язык
101589554,Gitlab
101589554,Базы данных
101589554,Ansible
101589554,TeamCity
101589554,Nginx
101589554,CI/CD
101589554,RabbitMQ
101589554,Clickhouse
101589554,Kubernetes
101589554,Redis
103125659,Обучение и развитие
103125659,Организация учебного процесса
103125659,Дистанционное обучение
103125659,Информатика
103125659,Индивидуальное обучение
103125659,Преподавание
103125659,Python
103125659,Подготовка к ОГЭ
103125659,Подготовка к ЕГЭ
